timestamp,birthday
8/26/2024 21:52:02,Feb 5
8/26/2024 22:05:20,4 February
8/27/2024 11:41:49,03/22
8/27/2024 11:42:34,08/29
8/27/2024 11:43:59,09/30
8/27/2024 11:44:14,February 18!
8/27/2024 11:44:38,October 19
8/27/2024 11:44:40,10/29
8/27/2024 11:44:41,08/09/2005
8/27/2024 11:44:44,September 21
8/27/2024 11:44:54,July 5th
8/27/2024 11:44:59,July 2nd
8/27/2024 11:45:01,January 23
8/27/2024 11:45:08,August 9
8/27/2024 11:45:09,July 28
8/27/2024 11:45:10,November 5 
8/27/2024 11:45:12,October 25
8/27/2024 11:45:16,February 18
8/27/2024 11:45:27,October 13th
8/27/2024 11:45:42,October 14
8/27/2024 11:45:49,01/29
8/27/2024 11:48:11,August 19
8/27/2024 11:49:05,April 29
8/27/2024 11:49:10,April 12
8/27/2024 11:49:36,July 17
8/27/2024 11:51:33,April 19
8/27/2024 11:56:18,April 17
8/27/2024 11:56:29,Sept 29th
8/27/2024 11:56:46,December 22
8/27/2024 11:57:46,12/10
8/27/2024 12:00:00,Jan 24th
8/27/2024 12:00:03,November 2nd
8/27/2024 12:02:21,6 Feb
8/27/2024 12:11:18,03/30
8/27/2024 12:11:45,0911
8/27/2024 12:11:57,
8/27/2024 12:11:59,January 20
8/27/2024 12:12:00,June 18th
8/27/2024 12:12:00,
8/27/2024 12:12:02,03/29
8/27/2024 12:12:02,September 17
8/27/2024 12:12:02,June 18
8/27/2024 12:12:02,July 26
8/27/2024 12:12:03,March 16
8/27/2024 12:12:03,October 21
8/27/2024 12:12:04,November 17
8/27/2024 12:12:05,February 2
8/27/2024 12:12:05,June 4
8/27/2024 12:12:05,23 March
8/27/2024 12:12:05,September 24
8/27/2024 12:12:06,March 28
8/27/2024 12:12:06,June 25th
8/27/2024 12:12:07,July 26th
8/27/2024 12:12:07,May 23
8/27/2024 12:12:07,July 15
8/27/2024 12:12:07,05/04
8/27/2024 12:12:07,June 18
8/27/2024 12:12:07,23 March
8/27/2024 12:12:08,02/25
8/27/2024 12:12:08,03/15
8/27/2024 12:12:08,9/11
8/27/2024 12:12:09,January 3rd
8/27/2024 12:12:09,September 17
8/27/2024 12:12:10,May 11
8/27/2024 12:12:10,11/19
8/27/2024 12:12:10,January 25th
8/27/2024 12:12:10,March 25
8/27/2024 12:12:10,April 4th
8/27/2024 12:12:11,March 2
8/27/2024 12:12:11,04/19
8/27/2024 12:12:11,July 26th
8/27/2024 12:12:12,August 7
8/27/2024 12:12:12,august 17
8/27/2024 12:12:13,12/15
8/27/2024 12:12:13,10/28
8/27/2024 12:12:13,May 21
8/27/2024 12:12:15,September 8
8/27/2024 12:12:18,11/14
8/27/2024 12:12:19,September 28
8/27/2024 12:12:19,October 28
8/27/2024 12:12:19,May 5
8/27/2024 12:12:19,0405
8/27/2024 12:12:20,March 14th
8/27/2024 12:12:20,07/06
8/27/2024 12:12:20,3/20
8/27/2024 12:12:20,July 30
8/27/2024 12:12:20,March 8th
8/27/2024 12:12:21,January 16
8/27/2024 12:12:21,04/28
8/27/2024 12:12:21,06/02
8/27/2024 12:12:21,November 13
8/27/2024 12:12:21,December 5
8/27/2024 12:12:21,April 25
8/27/2024 12:12:22,12/06
8/27/2024 12:12:22,11/28
8/27/2024 12:12:22,5/8
8/27/2024 12:12:22,April 3
8/27/2024 12:12:22,August 26
8/27/2024 12:12:23,November 20
8/27/2024 12:12:23,June 25
8/27/2024 12:12:23,November 14
8/27/2024 12:12:23,09/28
8/27/2024 12:12:23,01/23
8/27/2024 12:12:23,01/07
8/27/2024 12:12:23,12/25
8/27/2024 12:12:23,4/5
8/27/2024 12:12:23,11/01
8/27/2024 12:12:23,10/18
8/27/2024 12:12:23,3/12
8/27/2024 12:12:23,December 3rd
8/27/2024 12:12:24,April 22
8/27/2024 12:12:24,May 7
8/27/2024 12:12:24,Oct 12
8/27/2024 12:12:24,9/14
8/27/2024 12:12:24,11/09
8/27/2024 12:12:24,01/20
8/27/2024 12:12:24,11/3
8/27/2024 12:12:24,August 29
8/27/2024 12:12:24,March 31
8/27/2024 12:12:24,December 8
8/27/2024 12:12:24,June 6 
8/27/2024 12:12:25,9/15
8/27/2024 12:12:25,4th September
8/27/2024 12:12:25,06/27
8/27/2024 12:12:25,05/11
8/27/2024 12:12:25,March 22
8/27/2024 12:12:25,05/20
8/27/2024 12:12:25,November 7
8/27/2024 12:12:25,03/07
8/27/2024 12:12:25,October 16
8/27/2024 12:12:25,May 27
8/27/2024 12:12:26,05/01
8/27/2024 12:12:26,October 3
8/27/2024 12:12:26,September 3
8/27/2024 12:12:26,August 1
8/27/2024 12:12:26,February 26
8/27/2024 12:12:26,04/20
8/27/2024 12:12:26,04/15
8/27/2024 12:12:27,09/15
8/27/2024 12:12:27,5/20
8/27/2024 12:12:27,May 3
8/27/2024 12:12:27,March 15th
8/27/2024 12:12:27,June 29
8/27/2024 12:12:27,11/06
8/27/2024 12:12:27,30 2004
8/27/2024 12:12:27,25 Jan
8/27/2024 12:12:27,02/22
8/27/2024 12:12:27,June 17
8/27/2024 12:12:27,11/06
8/27/2024 12:12:27,08/16
8/27/2024 12:12:27,December 20
8/27/2024 12:12:28,January 27
8/27/2024 12:12:28,November 23
8/27/2024 12:12:28,03/21
8/27/2024 12:12:28,March 9
8/27/2024 12:12:28,March 16
8/27/2024 12:12:28,December 20
8/27/2024 12:12:28,01/12
8/27/2024 12:12:28,November 4th
8/27/2024 12:12:28,November 24
8/27/2024 12:12:29,January 24
8/27/2024 12:12:29,10/12
8/27/2024 12:12:29,25/05
8/27/2024 12:12:29,June 18
8/27/2024 12:12:29,May 12 
8/27/2024 12:12:29,April 6
8/27/2024 12:12:29,August 8
8/27/2024 12:12:29,July 22nd
8/27/2024 12:12:29,10/26
8/27/2024 12:12:29,10/02
8/27/2024 12:12:30,04/18
8/27/2024 12:12:30,June 28
8/27/2024 12:12:30,01/27
8/27/2024 12:12:30,May 18
8/27/2024 12:12:30,December 23rd
8/27/2024 12:12:30,October 1
8/27/2024 12:12:30,05/15
8/27/2024 12:12:30,August 29
8/27/2024 12:12:30,December 14
8/27/2024 12:12:30,May 20
8/27/2024 12:12:30,May 14
8/27/2024 12:12:30,09/19
8/27/2024 12:12:30,12/03
8/27/2024 12:12:31,08/02
8/27/2024 12:12:31,28 May
8/27/2024 12:12:31,11/22
8/27/2024 12:12:31,June 23rd
8/27/2024 12:12:31,may twentieth
8/27/2024 12:12:31,5/15
8/27/2024 12:12:31,10/25
8/27/2024 12:12:31,November 19
8/27/2024 12:12:31,September 13
8/27/2024 12:12:31,October 4
8/27/2024 12:12:31,April 12
8/27/2024 12:12:31,March 15
8/27/2024 12:12:31,March 29
8/27/2024 12:12:32,July 1st
8/27/2024 12:12:32,March 27
8/27/2024 12:12:32,11/19
8/27/2024 12:12:32,13 Jan
8/27/2024 12:12:32,1/7
8/27/2024 12:12:32,11/3
8/27/2024 12:12:33,04/06
8/27/2024 12:12:33,04/05
8/27/2024 12:12:33,January 24th
8/27/2024 12:12:33,November 16th
8/27/2024 12:12:33,28/06
8/27/2024 12:12:33,30 May
8/27/2024 12:12:33,03/07
8/27/2024 12:12:34,03/11
8/27/2024 12:12:34,March 6
8/27/2024 12:12:34,04/02
8/27/2024 12:12:34,02/24
8/27/2024 12:12:35,July 18
8/27/2024 12:12:35,January 14
8/27/2024 12:12:35,April 15
8/27/2024 12:12:35,2/13
8/27/2024 12:12:35,28 March
8/27/2024 12:12:35,November 18
8/27/2024 12:12:36,Dec 13
8/27/2024 12:12:37,July 27
8/27/2024 12:12:37,12/20
8/27/2024 12:12:37,January 21
8/27/2024 12:12:38,30 September
8/27/2024 12:12:38,8 January 
8/27/2024 12:12:38,05/17
8/27/2024 12:12:38,The fifth day in the month of October!!!
8/27/2024 12:12:38,10/08
8/27/2024 12:12:39,07/21
8/27/2024 12:12:39,april 22nd
8/27/2024 12:12:40,12/21
8/27/2024 12:12:40,May 12
8/27/2024 12:12:40,November 25
8/27/2024 12:12:40,June 19
8/27/2024 12:12:40,01/05
8/27/2024 12:12:40,
8/27/2024 12:12:41,05/28
8/27/2024 12:12:41,nov. 30th
8/27/2024 12:12:42,July 8
8/27/2024 12:12:43,3/14
8/27/2024 12:12:43,october 15th
8/27/2024 12:12:43,November 17
8/27/2024 12:12:43,8.5
8/27/2024 12:12:43,Jan 10
8/27/2024 12:12:43,09/12
8/27/2024 12:12:43,July 29th
8/27/2024 12:12:45,February 7 
8/27/2024 12:12:45,February 7
8/27/2024 12:12:45,11th of January 
8/27/2024 12:12:45,3/30
8/27/2024 12:12:46,11/21
8/27/2024 12:12:46,June 3
8/27/2024 12:12:46,October 14th
8/27/2024 12:12:47,June 1st
8/27/2024 12:12:47,08/11
8/27/2024 12:12:47,5/30
8/27/2024 12:12:48,09/19
8/27/2024 12:12:49,November 10
8/27/2024 12:12:50,24/12
8/27/2024 12:12:51,January 13
8/27/2024 12:12:51,March 24th
8/27/2024 12:12:51,10/20
8/27/2024 12:12:52,02/16
8/27/2024 12:12:52,May 1
8/27/2024 12:12:52,June 25
8/27/2024 12:12:53,May 5 
8/27/2024 12:12:53,15/04
8/27/2024 12:12:53,08/15
8/27/2024 12:12:54,18 September
8/27/2024 12:12:54,19 April 
8/27/2024 12:12:55,August 28
8/27/2024 12:12:55,04/22
8/27/2024 12:12:56,11/21
8/27/2024 12:12:57,February 9
8/27/2024 12:12:57,07/13
8/27/2024 12:12:58,11/26
8/27/2024 12:12:59,20/02
8/27/2024 12:12:59,08/16
8/27/2024 12:13:00,07/22
8/27/2024 12:13:01,March 29
8/27/2024 12:13:01,9/4
8/27/2024 12:13:04,03/01
8/27/2024 12:13:04,May 15
8/27/2024 12:13:05,March 18th
8/27/2024 12:13:05,February 10th
8/27/2024 12:13:06,October 10th
8/27/2024 12:13:07,1/08
8/27/2024 12:13:07,11/7
8/27/2024 12:13:07,December 1
8/27/2024 12:13:08,06/02
8/27/2024 12:13:10,September 7
8/27/2024 12:13:11,yo
8/27/2024 12:13:14,10/25
8/27/2024 12:13:15,April 11
8/27/2024 12:13:16,Thanks for asking! My birthday is the 25th of October (year unspecified).
8/27/2024 12:13:17,
8/27/2024 12:13:19,January 21
8/27/2024 12:13:19,04/15